"text","label"
"Wybór innego fotela byłby absurdalnym błędem.","Tendentious"
"Bardzo ucieszyłem się z rozpakowania regału, gdy przesyłka dotarła.","Emotional"
"Żadne konkurencyjne krzesło do jadalni nie dorównuje temu modelowi.","Tendentious"
"Nienawidzę tego stolika kawowego; to obraźliwie zły produkt.","Hateful"
"Nie ma powodu, by rozważać inny stolik kawowy.","Tendentious"
"W opakowaniu znajdują się wszystkie elementy potrzebne do złożenia szafki.","Informative"
"Szafa sprawiła, że pomieszczenie stało się znacznie przytulniejsze.","Emotional"
"To zwyczajny stolik kawowy, który spełnia swoją podstawową funkcję.","LowQuality"
"Przed zamówieniem sprawdź, czy wymiary szafki pasują do dostępnego miejsca.","Helpful"
"Ta lampa to kompletny bubel i nigdy nie powinna trafić do sprzedaży.","Hateful"
"W opakowaniu znajdują się wszystkie elementy potrzebne do złożenia łóżka.","Informative"
"Fotel ma 3-letnią gwarancję.","Informative"
"Nie ma powodu, by rozważać inny sofę.","Tendentious"
"Po zakupie stołu do jadalni nie potrafiłem wskazać w nim niczego zapadającego w pamięć.","LowQuality"
"Kupiłem sofę, ale niewiele więcej można o nim powiedzieć.","LowQuality"
"Wybór innego stołu do jadalni byłby absurdalnym błędem.","Tendentious"
"Szafka była miłą niespodzianką po dostawie.","Emotional"
"Jeśli lampa ma trafić do małego pomieszczenia, najpierw zaplanuj drogę dostawy.","Helpful"
"Ludzie, którzy zaprojektowali szafkę, są idiotami.","Hateful"
"Nie ma powodu, by rozważać inny stół do jadalni.","Tendentious"
"To bezsprzecznie najlepszy sofa na rynku.","Tendentious"
"Komoda jest poprawna, ale nie ma żadnej wyraźnej zalety.","LowQuality"
"Łóżko jest przeciętne i niczym się nie wyróżnia.","LowQuality"
"Ta sofa to kompletny bubel i nigdy nie powinna trafić do sprzedaży.","Hateful"
"Nie ma powodu, by rozważać inny szafę.","Tendentious"
"Zakup łóżka był jak oddanie pieniędzy ludziom, którzy na nie nie zasługują.","Hateful"
"Ten fotel przewyższa pod każdym względem wszystkie alternatywy.","Tendentious"
"Do czyszczenia biurka używaj miękkiej, wilgotnej ściereczki i unikaj środków ściernych.","Helpful"
"Bardzo cieszę się z stolika kawowego i z tego, jak pasuje do pomieszczenia.","Emotional"
"W specyfikacji produktu podano, że sofa waży 18 kg.","Informative"
"Sprzedawca powinien wstydzić się oferowania regału.","Hateful"
"Druga osoba znacznie ułatwi składanie łóżka.","Helpful"
"Ktokolwiek wyprodukował szafkę, nie ma pojęcia, co robi.","Hateful"
"Każdy rozsądny kupujący powinien wybrać łóżko.","Tendentious"
"Łóżko ma 140 cm szerokości i 40 cm głębokości.","Informative"
"Stół do jadalni był miłą niespodzianką po dostawie.","Emotional"
"Zakup szafki był jak oddanie pieniędzy ludziom, którzy na nie nie zasługują.","Hateful"
"To jedyna naprawdę dobra lampa, jaka jest dostępna.","Tendentious"
"Każdy, kto zna się na meblach, wybierze stół do jadalni.","Tendentious"
"Komoda nie jest zły, choć nie zrobił na mnie wrażenia.","LowQuality"
"W opisie jako jedną z głównych cech wymieniono szuflady z cichym domykiem.","Informative"
"W opisie fotela jako główny materiał wymieniono tkaninę.","Informative"
"Biurko działa prawidłowo, choć ogólne wrażenie jest obojętne.","LowQuality"
"Jeśli łóżko ma trafić do małego pomieszczenia, najpierw zaplanuj drogę dostawy.","Helpful"
"Szafa dotarła w 1 opakowaniu z dołączoną instrukcją montażu.","Informative"
"W opisie regału jako główny materiał wymieniono płytę laminowaną.","Informative"
"W opakowaniu znajdują się wszystkie elementy potrzebne do złożenia sofy.","Informative"
"Przed zamówieniem sprawdź, czy wymiary łóżka pasują do dostępnego miejsca.","Helpful"
"Szafa jest przeciętna i niczym się nie wyróżnia.","LowQuality"
"Sprawdź, czy zdejmowane pokrowce pasują do planowanego sposobu korzystania z lampy.","Helpful"
"Firma sprzedająca krzesło do jadalni traktuje klientów jak głupców.","Hateful"
"Do czyszczenia regału używaj miękkiej, wilgotnej ściereczki i unikaj środków ściernych.","Helpful"
"Sprawdź, czy cichy domyk szuflad odpowiada planowanemu sposobowi korzystania z biurka.","Helpful"
"Każdy, kto zna się na meblach, wybierze szafę.","Tendentious"
"Nienawidzę tej szafki; to obraźliwie zły produkt.","Hateful"
"Do czyszczenia lampy używaj miękkiej, wilgotnej ściereczki i unikaj środków ściernych.","Helpful"
"Żadna konkurencyjna komoda nie dorównuje temu modelowi.","Tendentious"
"Ktokolwiek wyprodukował regał, nie ma pojęcia, co robi.","Hateful"
"Sprzedawca powinien wstydzić się oferowania fotela.","Hateful"
"Podane maksymalne obciążenie komody wynosi 80 kg.","Informative"
"Stolik kawowy dotarł w 3 opakowaniach z dołączoną instrukcją montażu.","Informative"
"Bardzo się ucieszyłem, gdy zobaczyłem stolik kawowy w pomieszczeniu.","Emotional"
"Komoda wygląda dobrze, ale w codziennym użytkowaniu wydaje się nijaki.","LowQuality"
"To zwyczajny szafa, który spełnia swoją podstawową funkcję.","LowQuality"
"Zakup fotela sprawił, że urządzone pomieszczenie stało się kompletne.","Emotional"
"Nie żałuję zakupu lampy, ale lampa nie jest wyjątkowa.","LowQuality"
"Krzesło do jadalni wygląda dobrze, ale w codziennym użytkowaniu wydaje się nijaki.","LowQuality"
"Naprawdę lubię codziennie korzystać z regału.","Emotional"
"W specyfikacji produktu podano, że krzesło do jadalni waży 31 kg.","Informative"
"Nienawidzę tego krzesła do jadalni; to obraźliwie zły produkt.","Hateful"
"Po zakupie szafy nie potrafiłem wskazać w nim niczego zapadającego w pamięć.","LowQuality"
"Ludzie, którzy zaprojektowali lampę, są idiotami.","Hateful"
"Stolik kawowy ma 5-letnią gwarancję.","Informative"
"Zakup stołu do jadalni sprawił, że urządzone pomieszczenie stało się kompletne.","Emotional"
"Sprawdź, czy cichy domyk szuflad odpowiada planowanemu sposobowi korzystania z sofy.","Helpful"
"Krzesło do jadalni działa prawidłowo, choć ogólne wrażenie jest obojętne.","LowQuality"
"Każdy rozsądny kupujący powinien wybrać lampę.","Tendentious"
"Uśmiecham się za każdym razem, gdy korzystam z fotela.","Emotional"
"Szafa ma 80 cm szerokości i 70 cm głębokości.","Informative"
"Ten stolik kawowy jest bezdyskusyjnie numerem jeden.","Tendentious"
"Szafka sprawiła, że pomieszczenie stało się znacznie przytulniejsze.","Emotional"
"Każdy, kto zna się na meblach, wybierze krzesło do jadalni.","Tendentious"
"Pozostaw wokół fotela wystarczająco dużo miejsca do normalnego użytkowania.","Helpful"
"Jeśli sofa ma trafić do małego pomieszczenia, najpierw zaplanuj drogę dostawy.","Helpful"
"Ta szafka to kompletny bubel i nigdy nie powinna trafić do sprzedaży.","Hateful"
"Szafa od razu stała się moim ulubionym meblem.","Emotional"
"Podczas składania komody trzymaj instrukcję w pobliżu.","Helpful"
"Bardzo cieszę się z stołu do jadalni i z tego, jak pasuje do pomieszczenia.","Emotional"
"Biurko od razu stało się moim ulubionym meblem.","Emotional"
"Po złożeniu sprawdź szafkę na równej podłodze, zanim go obciążysz.","Helpful"
"Sprzedawca powinien wstydzić się oferowania biurka.","Hateful"
"Innych łóżek nie warto nawet porównywać z tym modelem.","Tendentious"
"Pozostaw wokół szafki wystarczająco dużo miejsca do normalnego użytkowania.","Helpful"
"Sprawdź, czy zdejmowane pokrowce pasują do planowanego sposobu korzystania z stolika kawowego.","Helpful"
"Kupiłem komodę, ale niewiele więcej można o nim powiedzieć.","LowQuality"
"Ktokolwiek wyprodukował biurko, nie ma pojęcia, co robi.","Hateful"
"Stół do jadalni jest przeciętny i niczym się nie wyróżnia.","LowQuality"
"Bardzo cieszę się z szafki i z tego, jak pasuje do pomieszczenia.","Emotional"
"Uśmiecham się za każdym razem, gdy korzystam z biurka.","Emotional"
"Stół do jadalni ma 2-letnią gwarancję.","Informative"
"Fotel jest wystarczający, ale za tę cenę oczekiwałem więcej.","LowQuality"
"W opakowaniu znajdują się wszystkie elementy potrzebne do złożenia fotela.","Informative"
"Łóżko od razu stało się moim ulubionym meblem.","Emotional"
"W opakowaniu znajdują się wszystkie elementy potrzebne do złożenia krzesła do jadalni.","Informative"
"Jeśli regał ma trafić do małego pomieszczenia, najpierw zaplanuj drogę dostawy.","Helpful"
"Ta szafa jest bezdyskusyjnie numerem jeden.","Tendentious"
"Fotel nie jest zły, choć nie zrobił na mnie wrażenia.","LowQuality"
"Fotel jest przeciętny i niczym się nie wyróżnia.","LowQuality"
"Fotel ma 110 cm szerokości i 80 cm głębokości.","Informative"
"Bardzo cieszę się z lampy i z tego, jak pasuje do pomieszczenia.","Emotional"
"Każdy rozsądny kupujący powinien wybrać stół do jadalni.","Tendentious"
"Lampa ma 80 cm szerokości i 80 cm głębokości.","Informative"
"Regał był miłą niespodzianką po dostawie.","Emotional"
"W specyfikacji produktu podano, że stół do jadalni waży 25 kg.","Informative"
"Sprawdź, czy nóżki z regulacją wysokości pasują do planowanego sposobu korzystania z lampy.","Helpful"
"Uśmiecham się za każdym razem, gdy korzystam z łóżka.","Emotional"
"Komoda była miłą niespodzianką po dostawie.","Emotional"
"Szafka nie jest zły, choć nie zrobił na mnie wrażenia.","LowQuality"
"Do czyszczenia szafki używaj miękkiej, wilgotnej ściereczki i unikaj środków ściernych.","Helpful"
"W specyfikacji produktu podano, że komoda waży 12 kg.","Informative"
"Szafka wygląda dobrze, ale w codziennym użytkowaniu wydaje się nijaki.","LowQuality"
"To zwyczajny lampa, który spełnia swoją podstawową funkcję.","LowQuality"
"Zakup szafy był jak oddanie pieniędzy ludziom, którzy na nie nie zasługują.","Hateful"
"Ta sofa to śmieć i firma powinna się wstydzić.","Hateful"
"Ktokolwiek wyprodukował fotel, nie ma pojęcia, co robi.","Hateful"
"Nienawidzę tego fotela; to obraźliwie zły produkt.","Hateful"
"Stolik kawowy jest poprawny, ale nie ma żadnej wyraźnej zalety.","LowQuality"
"Ten fotel jest żałosny, a dział obsługi jest bezużyteczny.","Hateful"
"Do czyszczenia fotela używaj miękkiej, wilgotnej ściereczki i unikaj środków ściernych.","Helpful"
"Sofa wygląda dobrze, ale w codziennym użytkowaniu wydaje się nijaki.","LowQuality"
"Regał dotarł w 2 opakowaniach z dołączoną instrukcją montażu.","Informative"
"To bezsprzecznie najlepszy stół do jadalni na rynku.","Tendentious"
"Przed zamówieniem łóżka zmierz drzwi; najszersze opakowanie ma 125 cm.","Helpful"
"To zwyczajny sofa, który spełnia swoją podstawową funkcję.","LowQuality"
"Kupiłem lampę, ale niewiele więcej można o nim powiedzieć.","LowQuality"
"Krzesło do jadalni ma 2-letnią gwarancję.","Informative"
"Bardzo cieszę się z szafy i z tego, jak pasuje do pomieszczenia.","Emotional"
"Nie ma powodu, by rozważać inny łóżko.","Tendentious"
"Krzesło do jadalni nie jest zły, choć nie zrobił na mnie wrażenia.","LowQuality"
"W opisie produktu podano, że wysokość po złożeniu wynosi 52 cm.","Informative"
"Lampa ma 95 cm szerokości i 60 cm głębokości.","Informative"
"To bezsprzecznie najlepszy komoda na rynku.","Tendentious"
"Naprawdę lubię codziennie korzystać z komody.","Emotional"
"Każdy rozsądny kupujący powinien wybrać komodę.","Tendentious"
"Sofa jest wystarczający, ale za tę cenę oczekiwałem więcej.","LowQuality"
"Każdy, kto zna się na meblach, wybierze komodę.","Tendentious"
"Stolik kawowy ma 2-letnią gwarancję.","Informative"
"Zakup biurka sprawił, że urządzone pomieszczenie stało się kompletne.","Emotional"
"Zakup komody sprawił, że urządzone pomieszczenie stało się kompletne.","Emotional"
"Po zakupie komody nie potrafiłem wskazać w nim niczego zapadającego w pamięć.","LowQuality"
"Nie żałuję zakupu komody, ale komoda nie jest wyjątkowa.","LowQuality"
"Zakup lampy sprawił, że urządzone pomieszczenie stało się kompletne.","Emotional"
"Ludzie, którzy zaprojektowali krzesło do jadalni, są idiotami.","Hateful"
"Szafka jest dokładnie tym, co wyobrażałem sobie w tym pomieszczeniu.","Emotional"
"Naprawdę lubię codziennie korzystać z stołu do jadalni.","Emotional"
"W specyfikacji produktu podano, że fotel waży 25 kg.","Informative"
"Przed zamówieniem stolika kawowego zmierz drzwi; najszersze opakowanie ma 140 cm.","Helpful"
"Uśmiecham się za każdym razem, gdy korzystam z szafy.","Emotional"
"Stolik kawowy od razu stał się moim ulubionym meblem.","Emotional"
"Druga osoba znacznie ułatwi składanie sofy.","Helpful"
"Sprzedawca powinien wstydzić się oferowania szafki.","Hateful"
"Lampa jest wystarczający, ale za tę cenę oczekiwałem więcej.","LowQuality"
"Sofa dotarła w 1 opakowaniu z dołączoną instrukcją montażu.","Informative"
"Nie żałuję zakupu regału, ale regał nie jest wyjątkowy.","LowQuality"
"Stół do jadalni działa prawidłowo, choć ogólne wrażenie jest obojętne.","LowQuality"
"To łóżko jest żałosne, a dział obsługi jest bezużyteczny.","Hateful"
"Przed zamówieniem sprawdź, czy wymiary regału pasują do dostępnego miejsca.","Helpful"
"Każdy rozsądny kupujący powinien wybrać szafkę.","Tendentious"
"Stolik kawowy sprawił, że pomieszczenie stało się znacznie przytulniejsze.","Emotional"
"Druga osoba znacznie ułatwi składanie stolika kawowego.","Helpful"
"Podczas składania regału trzymaj instrukcję w pobliżu.","Helpful"
"Szafka jest poprawna, ale nie ma żadnej wyraźnej zalety.","LowQuality"
"Nie żałuję zakupu szafki, ale szafka nie jest wyjątkowa.","LowQuality"
"Kupiłem stolik kawowy, ale niewiele więcej można o nim powiedzieć.","LowQuality"
"Kupiłem łóżko, ale niewiele więcej można o nim powiedzieć.","LowQuality"
"Ktokolwiek wyprodukował sofę, nie ma pojęcia, co robi.","Hateful"
"Przed zamówieniem szafki zmierz drzwi; najszersze opakowanie ma 80 cm.","Helpful"
"Uśmiecham się za każdym razem, gdy korzystam z komody.","Emotional"
"Przed zamówieniem sprawdź, czy wymiary krzesła do jadalni pasują do dostępnego miejsca.","Helpful"
"Ten stolik kawowy to śmieć i firma powinna się wstydzić.","Hateful"
"To zwyczajny komoda, który spełnia swoją podstawową funkcję.","LowQuality"
"Kupiłem szafę, ale niewiele więcej można o nim powiedzieć.","LowQuality"
"Nie żałuję zakupu sofy, ale sofa nie jest wyjątkowa.","LowQuality"
"Ten regał jest żałosny, a dział obsługi jest bezużyteczny.","Hateful"
"Bardzo cieszę się z biurka i z tego, jak pasuje do pomieszczenia.","Emotional"
"W opisie stolika kawowego jako główny materiał wymieniono lite drewno.","Informative"
"Łóżko jest dokładnie tym, co wyobrażałem sobie w tym pomieszczeniu.","Emotional"
"Bardzo się ucieszyłem, gdy zobaczyłem biurko w pomieszczeniu.","Emotional"
"Ta szafka jest żałosna, a dział obsługi jest bezużyteczny.","Hateful"
"Szafka jest dostępna w kolorze czarnym i ma szuflady z cichym domykiem.","Informative"
"Ten bezwartościowy stolik kawowy został wykonany przez niekompetentnych ludzi.","Hateful"
"Stół do jadalni ma 125 cm szerokości i 60 cm głębokości.","Informative"
"Fotel wygląda dobrze, ale w codziennym użytkowaniu wydaje się nijaki.","LowQuality"
"To zwyczajny fotel, który spełnia swoją podstawową funkcję.","LowQuality"
"To bezsprzecznie najlepszy stolik kawowy na rynku.","Tendentious"
"Ten fotel to kompletny bubel i nigdy nie powinien trafić do sprzedaży.","Hateful"
"Stolik kawowy nie jest zły, choć nie zrobił na mnie wrażenia.","LowQuality"
"Biurko jest dostępne w kolorze orzechowym i ma zdejmowane pokrowce.","Informative"
"Bardzo ucieszyłem się z rozpakowania biurka, gdy przesyłka dotarła.","Emotional"
"Sprawdź, czy regulowane półki pasują do planowanego sposobu korzystania z szafki.","Helpful"
"Sprzedawca powinien wstydzić się oferowania stołu do jadalni.","Hateful"
"Szafa jest dokładnie tym, co wyobrażałem sobie w tym pomieszczeniu.","Emotional"
"Uśmiecham się za każdym razem, gdy korzystam z krzesła do jadalni.","Emotional"
"Ludzie, którzy zaprojektowali biurko, są idiotami.","Hateful"
"Łóżko było miłą niespodzianką po dostawie.","Emotional"
"Sprawdź, czy zdejmowane pokrowce pasują do planowanego sposobu korzystania z biurka.","Helpful"
"Krzesło do jadalni sprawiło, że pomieszczenie stało się znacznie przytulniejsze.","Emotional"
"W opakowaniu znajdują się wszystkie elementy potrzebne do złożenia biurka.","Informative"
"W specyfikacji produktu podano, że sofa waży 40 kg.","Informative"
"Każdy rozsądny kupujący powinien wybrać biurko.","Tendentious"
"Każdy, kto zna się na meblach, wybierze regał.","Tendentious"
"Podane maksymalne obciążenie stołu do jadalni wynosi 150 kg.","Informative"
"Ten regał to kompletny bubel i nigdy nie powinien trafić do sprzedaży.","Hateful"
"Bardzo ucieszyłem się z rozpakowania komody, gdy przesyłka dotarła.","Emotional"
"Krzesło do jadalni ma 110 cm szerokości i 70 cm głębokości.","Informative"
"Zakup stolika kawowego sprawił, że urządzone pomieszczenie stało się kompletne.","Emotional"
"Krzesło do jadalni jest wystarczający, ale za tę cenę oczekiwałem więcej.","LowQuality"
"Komoda jest przeciętna i niczym się nie wyróżnia.","LowQuality"
"Łóżko ma 110 cm szerokości i 50 cm głębokości.","Informative"
"Sofa była miłą niespodzianką po dostawie.","Emotional"
"Kupiłem krzesło do jadalni, ale niewiele więcej można o nim powiedzieć.","LowQuality"
"Po zakupie lampy nie potrafiłem wskazać w nim niczego zapadającego w pamięć.","LowQuality"
"Stół do jadalni jest wystarczający, ale za tę cenę oczekiwałem więcej.","LowQuality"
"Ktokolwiek wyprodukował szafę, nie ma pojęcia, co robi.","Hateful"
"W specyfikacji produktu podano, że szafka waży 31 kg.","Informative"
"Uśmiecham się za każdym razem, gdy korzystam z stołu do jadalni.","Emotional"
"Szafa jest dostępna w kolorze czarnym i ma system zarządzania kablami.","Informative"
"W specyfikacji produktu podano, że regał waży 40 kg.","Informative"
"Bardzo cieszę się z fotela i z tego, jak pasuje do pomieszczenia.","Emotional"
"Łóżko ma 5-letnią gwarancję.","Informative"
"Lampa jest dokładnie tym, co wyobrażałem sobie w tym pomieszczeniu.","Emotional"
"Podane maksymalne obciążenie szafy wynosi 150 kg.","Informative"
"Po zakupie krzesła do jadalni nie potrafiłem wskazać w nim niczego zapadającego w pamięć.","LowQuality"
"Ten stół do jadalni przewyższa pod każdym względem wszystkie alternatywy.","Tendentious"
"Bardzo ucieszyłem się z rozpakowania sofy, gdy przesyłka dotarła.","Emotional"
"Sofa jest poprawna, ale nie ma żadnej wyraźnej zalety.","LowQuality"
"Ta bezwartościowa komoda została wykonana przez niekompetentnych ludzi.","Hateful"
"Przed zamówieniem komody zmierz drzwi; najszersze opakowanie ma 110 cm.","Helpful"
"W opisie stołu do jadalni jako główny materiał wymieniono lite drewno.","Informative"
"Fotel sprawił, że pomieszczenie stało się znacznie przytulniejsze.","Emotional"
"Zakup regału sprawił, że urządzone pomieszczenie stało się kompletne.","Emotional"
"Szafa była miłą niespodzianką po dostawie.","Emotional"
"Innych stolików kawowych nie warto nawet porównywać z tym modelem.","Tendentious"
"W specyfikacji produktu podano, że sofa waży 25 kg.","Informative"
"Sprzedawca powinien wstydzić się oferowania krzesła do jadalni.","Hateful"
"To bezwartościowe łóżko zostało wykonane przez niekompetentnych ludzi.","Hateful"
"Wybór innego krzesła do jadalni byłby absurdalnym błędem.","Tendentious"
"Stół do jadalni sprawił, że pomieszczenie stało się znacznie przytulniejsze.","Emotional"
"Żaden konkurencyjny stół do jadalni nie dorównuje temu modelowi.","Tendentious"
"Biurko ma 110 cm szerokości i 60 cm głębokości.","Informative"
"Nie żałuję zakupu łóżka, ale łóżko nie jest wyjątkowe.","LowQuality"
"Ten bezwartościowy regał został wykonany przez niekompetentnych ludzi.","Hateful"
"Łóżko sprawiło, że pomieszczenie stało się znacznie przytulniejsze.","Emotional"
"Po zakupie szafki nie potrafiłem wskazać w nim niczego zapadającego w pamięć.","LowQuality"
"Każdy, kto zna się na meblach, wybierze fotel.","Tendentious"
"Sofa jest przeciętna i niczym się nie wyróżnia.","LowQuality"
"Podczas składania krzesła do jadalni trzymaj instrukcję w pobliżu.","Helpful"
"Lampa sprawiła, że pomieszczenie stało się znacznie przytulniejsze.","Emotional"
"Sprzedawca powinien wstydzić się oferowania komody.","Hateful"
"Biurko sprawiło, że pomieszczenie stało się znacznie przytulniejsze.","Emotional"
"Ludzie, którzy zaprojektowali fotel, są idiotami.","Hateful"
"Nienawidzę tego stołu do jadalni; to obraźliwie zły produkt.","Hateful"
"Nie ma powodu, by rozważać inny lampę.","Tendentious"
"Sprawdź, czy system zarządzania kablami odpowiada planowanemu sposobowi korzystania z fotela.","Helpful"
"Ktokolwiek wyprodukował stół do jadalni, nie ma pojęcia, co robi.","Hateful"
"Ta bezwartościowa sofa została wykonana przez niekompetentnych ludzi.","Hateful"
"Lampa dotarła w 2 opakowaniach z dołączoną instrukcją montażu.","Informative"
"Ten stolik kawowy przewyższa pod każdym względem wszystkie alternatywy.","Tendentious"
"Przed zamówieniem łóżka zmierz drzwi; najszersze opakowanie ma 80 cm.","Helpful"
"Nie ma powodu, by rozważać inny szafkę.","Tendentious"
"Krzesło do jadalni jest dokładnie tym, co wyobrażałem sobie w tym pomieszczeniu.","Emotional"
"Żadna konkurencyjna lampa nie dorównuje temu modelowi.","Tendentious"
"Sofa sprawiła, że pomieszczenie stało się znacznie przytulniejsze.","Emotional"
"To krzesło do jadalni jest żałosne, a dział obsługi jest bezużyteczny.","Hateful"
"Żadne konkurencyjne łóżko nie dorównuje temu modelowi.","Tendentious"
"Ta szafa przewyższa pod każdym względem wszystkie alternatywy.","Tendentious"
"Bardzo ucieszyłem się z rozpakowania stołu do jadalni, gdy przesyłka dotarła.","Emotional"
"W opisie szafy jako główny materiał wymieniono stal.","Informative"
"Bardzo się ucieszyłem, gdy zobaczyłem łóżko w pomieszczeniu.","Emotional"
"Krzesło do jadalni jest przeciętne i niczym się nie wyróżnia.","LowQuality"
"Ten stolik kawowy jest żałosny, a dział obsługi jest bezużyteczny.","Hateful"
"Nienawidzę tej komody; to obraźliwie zły produkt.","Hateful"
"Po zakupie łóżka nie potrafiłem wskazać w nim niczego zapadającego w pamięć.","LowQuality"
"Przed złożeniem fotela posegreguj elementy montażowe; kilka śrub wygląda podobnie.","Helpful"
"Nie żałuję zakupu stolika kawowego, ale stolik kawowy nie jest wyjątkowy.","LowQuality"
"Ten fotel to śmieć i firma powinna się wstydzić.","Hateful"
"Ta lampa jest bezdyskusyjnie numerem jeden.","Tendentious"
"Druga osoba znacznie ułatwi składanie fotela.","Helpful"
"Łóżko jest wystarczający, ale za tę cenę oczekiwałem więcej.","LowQuality"
"Innych sof nie warto nawet porównywać z tym modelem.","Tendentious"
"Firma sprzedająca stolik kawowy traktuje klientów jak głupców.","Hateful"
"Sprawdź, czy system zarządzania kablami odpowiada planowanemu sposobowi korzystania z stołu do jadalni.","Helpful"
"Firma sprzedająca regał traktuje klientów jak głupców.","Hateful"
"Nienawidzę tego regału; to obraźliwie zły produkt.","Hateful"
"To bezsprzecznie najlepszy regał na rynku.","Tendentious"
"Jeśli krzesło do jadalni ma trafić do małego pomieszczenia, najpierw zaplanuj drogę dostawy.","Helpful"
"Krzesło do jadalni jest poprawne, ale nie ma żadnej wyraźnej zalety.","LowQuality"
"Ktokolwiek wyprodukował stolik kawowy, nie ma pojęcia, co robi.","Hateful"
"Szafka jest wystarczający, ale za tę cenę oczekiwałem więcej.","LowQuality"
"Ten stół do jadalni to śmieć i firma powinna się wstydzić.","Hateful"
"Ktokolwiek wyprodukował komodę, nie ma pojęcia, co robi.","Hateful"
"To krzesło do jadalni jest bezdyskusyjnie numerem jeden.","Tendentious"
"Pozostaw wokół łóżka wystarczająco dużo miejsca do normalnego użytkowania.","Helpful"
"To bezwartościowe krzesło do jadalni zostało wykonane przez niekompetentnych ludzi.","Hateful"
"Szafka od razu stała się moim ulubionym meblem.","Emotional"
"Ten stolik kawowy to kompletny bubel i nigdy nie powinien trafić do sprzedaży.","Hateful"
"Ten bezwartościowy stół do jadalni został wykonany przez niekompetentnych ludzi.","Hateful"
"Przed zamówieniem sofy zmierz drzwi; najszersze opakowanie ma 95 cm.","Helpful"
"Nie żałuję zakupu szafy, ale szafa nie jest wyjątkowa.","LowQuality"
"Biurko jest wystarczający, ale za tę cenę oczekiwałem więcej.","LowQuality"
"Ta szafka przewyższa pod każdym względem wszystkie alternatywy.","Tendentious"
"Przed zamówieniem komody zmierz drzwi; najszersze opakowanie ma 140 cm.","Helpful"
"Każdy rozsądny kupujący powinien wybrać szafę.","Tendentious"
"Szafa nie jest zły, choć nie zrobił na mnie wrażenia.","LowQuality"
"Szafa jest dostępna w kolorze białym i ma regulowane półki.","Informative"
"Pozostaw wokół krzesła do jadalni wystarczająco dużo miejsca do normalnego użytkowania.","Helpful"
"Bardzo się ucieszyłem, gdy zobaczyłem komodę w pomieszczeniu.","Emotional"
"W opisie krzesła do jadalni jako główny materiał wymieniono lite drewno.","Informative"
"Bardzo cieszę się z komody i z tego, jak pasuje do pomieszczenia.","Emotional"
"Podczas składania biurka trzymaj instrukcję w pobliżu.","Helpful"
"Zakup regału był jak oddanie pieniędzy ludziom, którzy na nie nie zasługują.","Hateful"
"To łóżko to kompletny bubel i nigdy nie powinno trafić do sprzedaży.","Hateful"
"Stolik kawowy działa prawidłowo, choć ogólne wrażenie jest obojętne.","LowQuality"
"Zakup sofy był jak oddanie pieniędzy ludziom, którzy na nie nie zasługują.","Hateful"
"Jeśli biurko ma trafić do małego pomieszczenia, najpierw zaplanuj drogę dostawy.","Helpful"
"Przed zamówieniem sprawdź, czy wymiary biurka pasują do dostępnego miejsca.","Helpful"
"Do czyszczenia komody używaj miękkiej, wilgotnej ściereczki i unikaj środków ściernych.","Helpful"
"W specyfikacji produktu podano, że stolik kawowy waży 12 kg.","Informative"
"Ta szafa to śmieć i firma powinna się wstydzić.","Hateful"
"W opisie komody jako główny materiał wymieniono stal.","Informative"
"Kupiłem stół do jadalni, ale niewiele więcej można o nim powiedzieć.","LowQuality"
"Kupiłem fotel, ale niewiele więcej można o nim powiedzieć.","LowQuality"
"Sprzedawca powinien wstydzić się oferowania szafy.","Hateful"
"To jedyna naprawdę dobra komoda, jaka jest dostępna.","Tendentious"
"Krzesło do jadalni ma 3-letnią gwarancję.","Informative"
"To biurko to kompletny bubel i nigdy nie powinno trafić do sprzedaży.","Hateful"
"Regał ma 2-letnią gwarancję.","Informative"
"Zakup stolika kawowego był jak oddanie pieniędzy ludziom, którzy na nie nie zasługują.","Hateful"
"Podane maksymalne obciążenie stołu do jadalni wynosi 120 kg.","Informative"
"Zakup szafki sprawił, że urządzone pomieszczenie stało się kompletne.","Emotional"
"Łóżko działa prawidłowo, choć ogólne wrażenie jest obojętne.","LowQuality"
"Przed złożeniem szafy posegreguj elementy montażowe; kilka śrub wygląda podobnie.","Helpful"
"Jeśli stolik kawowy ma trafić do małego pomieszczenia, najpierw zaplanuj drogę dostawy.","Helpful"
"Podczas składania szafki trzymaj instrukcję w pobliżu.","Helpful"
"Regał jest przeciętny i niczym się nie wyróżnia.","LowQuality"
"Po zakupie sofy nie potrafiłem wskazać w nim niczego zapadającego w pamięć.","LowQuality"
"Sprzedawca powinien wstydzić się oferowania łóżka.","Hateful"
"Krzesło do jadalni ma 110 cm szerokości i 60 cm głębokości.","Informative"
"Jeśli komoda ma trafić do małego pomieszczenia, najpierw zaplanuj drogę dostawy.","Helpful"
"W opakowaniu znajdują się wszystkie elementy potrzebne do złożenia komody.","Informative"
"To jedyna naprawdę dobra szafa, jaka jest dostępna.","Tendentious"
"To jedyne naprawdę dobre łóżko, jakie jest dostępne.","Tendentious"
"Bardzo się ucieszyłem, gdy zobaczyłem sofę w pomieszczeniu.","Emotional"
"Ta sofa jest żałosna, a dział obsługi jest bezużyteczny.","Hateful"
"Ta lampa przewyższa pod każdym względem wszystkie alternatywy.","Tendentious"
"Naprawdę lubię codziennie korzystać z stolika kawowego.","Emotional"
"Fotel jest poprawny, ale nie ma żadnej wyraźnej zalety.","LowQuality"
"Ten regał to śmieć i firma powinna się wstydzić.","Hateful"
"Druga osoba znacznie ułatwi składanie lampy.","Helpful"
"Fotel od razu stał się moim ulubionym meblem.","Emotional"
"Kupiłem szafkę, ale niewiele więcej można o nim powiedzieć.","LowQuality"
"Ta szafka jest bezdyskusyjnie numerem jeden.","Tendentious"
"Zakup sofy sprawił, że urządzone pomieszczenie stało się kompletne.","Emotional"
"Przed zamówieniem sprawdź, czy wymiary komody pasują do dostępnego miejsca.","Helpful"
"Wybór innego łóżka byłby absurdalnym błędem.","Tendentious"
"Szafa działa prawidłowo, choć ogólne wrażenie jest obojętne.","LowQuality"
"Ktokolwiek wyprodukował lampę, nie ma pojęcia, co robi.","Hateful"
"W opisie jako jedną z głównych cech wymieniono regulowane półki.","Informative"
"Komoda jest wystarczający, ale za tę cenę oczekiwałem więcej.","LowQuality"
"Druga osoba znacznie ułatwi składanie stołu do jadalni.","Helpful"
"Innych krzeseł do jadalni nie warto nawet porównywać z tym modelem.","Tendentious"
"Pozostaw wokół stolika kawowego wystarczająco dużo miejsca do normalnego użytkowania.","Helpful"
"W opisie jako jedną z głównych cech wymieniono nóżki z regulacją wysokości.","Informative"
"Pozostaw wokół regału wystarczająco dużo miejsca do normalnego użytkowania.","Helpful"
"Lampa ma 5-letnią gwarancję.","Informative"
"W opakowaniu znajdują się wszystkie elementy potrzebne do złożenia stołu do jadalni.","Informative"
"Żadna konkurencyjna sofa nie dorównuje temu modelowi.","Tendentious"
"Szafka ma 140 cm szerokości i 80 cm głębokości.","Informative"
"Ktokolwiek wyprodukował krzesło do jadalni, nie ma pojęcia, co robi.","Hateful"
"Stolik kawowy jest dokładnie tym, co wyobrażałem sobie w tym pomieszczeniu.","Emotional"
"Nie żałuję zakupu stołu do jadalni, ale stół do jadalni nie jest wyjątkowy.","LowQuality"
"To bezsprzecznie najlepszy fotel na rynku.","Tendentious"
"Sofa od razu stała się moim ulubionym meblem.","Emotional"
"To biurko to śmieć i firma powinna się wstydzić.","Hateful"
"Komoda ma 2-letnią gwarancję.","Informative"
"To łóżko przewyższa pod każdym względem wszystkie alternatywy.","Tendentious"
"Do czyszczenia szafy używaj miękkiej, wilgotnej ściereczki i unikaj środków ściernych.","Helpful"
"Jeśli stół do jadalni ma trafić do małego pomieszczenia, najpierw zaplanuj drogę dostawy.","Helpful"
"Ten fotel jest bezdyskusyjnie numerem jeden.","Tendentious"
"Podane maksymalne obciążenie krzesła do jadalni wynosi 150 kg.","Informative"
"Komoda od razu stała się moim ulubionym meblem.","Emotional"
"Stół do jadalni jest dostępny w kolorze białym i ma nóżki z regulacją wysokości.","Informative"
"Firma sprzedająca stół do jadalni traktuje klientów jak głupców.","Hateful"
"Łóżko nie jest zły, choć nie zrobił na mnie wrażenia.","LowQuality"
"Lampa jest dostępna w kolorze dębowym i ma szuflady z cichym domykiem.","Informative"
"Po złożeniu sprawdź stolik kawowy na równej podłodze, zanim go obciążysz.","Helpful"
"Sprawdź, czy cichy domyk szuflad odpowiada planowanemu sposobowi korzystania z szafy.","Helpful"
"W opisie łóżka jako główny materiał wymieniono tkaninę.","Informative"
"W specyfikacji produktu podano, że łóżko waży 25 kg.","Informative"
"Sofa jest dokładnie tym, co wyobrażałem sobie w tym pomieszczeniu.","Emotional"
"Bardzo się ucieszyłem, gdy zobaczyłem fotel w pomieszczeniu.","Emotional"
"To bezsprzecznie najlepszy biurko na rynku.","Tendentious"
"Firma sprzedająca biurko traktuje klientów jak głupców.","Hateful"
"Pozostaw wokół stołu do jadalni wystarczająco dużo miejsca do normalnego użytkowania.","Helpful"
"Regał jest wystarczający, ale za tę cenę oczekiwałem więcej.","LowQuality"
"Zakup łóżka sprawił, że urządzone pomieszczenie stało się kompletne.","Emotional"
"Przed zamówieniem fotela zmierz drzwi; najszersze opakowanie ma 125 cm.","Helpful"
"Pozostaw wokół komody wystarczająco dużo miejsca do normalnego użytkowania.","Helpful"
"Wybór innego szafki byłby absurdalnym błędem.","Tendentious"
"Zakup biurka był jak oddanie pieniędzy ludziom, którzy na nie nie zasługują.","Hateful"
"Przed zamówieniem krzesła do jadalni zmierz drzwi; najszersze opakowanie ma 140 cm.","Helpful"
"Przed zamówieniem sprawdź, czy wymiary stolika kawowego pasują do dostępnego miejsca.","Helpful"
"Przed zamówieniem biurka zmierz drzwi; najszersze opakowanie ma 110 cm.","Helpful"
"Każdy, kto zna się na meblach, wybierze biurko.","Tendentious"
"Fotel jest dokładnie tym, co wyobrażałem sobie w tym pomieszczeniu.","Emotional"
"Bardzo ucieszyłem się z rozpakowania stolika kawowego, gdy przesyłka dotarła.","Emotional"
"Bardzo cieszę się z krzesła do jadalni i z tego, jak pasuje do pomieszczenia.","Emotional"
"Ludzie, którzy zaprojektowali komodę, są idiotami.","Hateful"
"Ten stół do jadalni to kompletny bubel i nigdy nie powinien trafić do sprzedaży.","Hateful"
"To bezsprzecznie najlepszy lampa na rynku.","Tendentious"
"Każdy, kto zna się na meblach, wybierze szafkę.","Tendentious"
"Komoda działa prawidłowo, choć ogólne wrażenie jest obojętne.","LowQuality"
"Żaden konkurencyjny stolik kawowy nie dorównuje temu modelowi.","Tendentious"
"Druga osoba znacznie ułatwi składanie biurka.","Helpful"
"To krzesło do jadalni przewyższa pod każdym względem wszystkie alternatywy.","Tendentious"
"Zakup krzesła do jadalni był jak oddanie pieniędzy ludziom, którzy na nie nie zasługują.","Hateful"
"Lampa ma 95 cm szerokości i 50 cm głębokości.","Informative"
"Szafka dotarła w 3 opakowaniach z dołączoną instrukcją montażu.","Informative"
"Innych biurek nie warto nawet porównywać z tym modelem.","Tendentious"
"To biurko jest żałosne, a dział obsługi jest bezużyteczny.","Hateful"
"Stolik kawowy jest dostępny w kolorze orzechowym i ma zdejmowane pokrowce.","Informative"
"Biurko jest poprawne, ale nie ma żadnej wyraźnej zalety.","LowQuality"
"Wybór innego komody byłby absurdalnym błędem.","Tendentious"
"Wybór innego lampy byłby absurdalnym błędem.","Tendentious"
"Kupiłem biurko, ale niewiele więcej można o nim powiedzieć.","LowQuality"
"Ta bezwartościowa szafa została wykonana przez niekompetentnych ludzi.","Hateful"
"Bardzo cieszę się z regału i z tego, jak pasuje do pomieszczenia.","Emotional"
"Wybór innego stolika kawowego byłby absurdalnym błędem.","Tendentious"
"Ktokolwiek wyprodukował łóżko, nie ma pojęcia, co robi.","Hateful"
"Krzesło do jadalni ma 140 cm szerokości i 50 cm głębokości.","Informative"
"Stół do jadalni jest poprawny, ale nie ma żadnej wyraźnej zalety.","LowQuality"
"Innych szafek nie warto nawet porównywać z tym modelem.","Tendentious"
"Wybór innego szafy byłby absurdalnym błędem.","Tendentious"
"W opisie szafki jako główny materiał wymieniono stal.","Informative"
"Po zakupie regału nie potrafiłem wskazać w nim niczego zapadającego w pamięć.","LowQuality"
"W opisie jako jedną z głównych cech wymieniono zdejmowane pokrowce.","Informative"
"Lampa była miłą niespodzianką po dostawie.","Emotional"
"Innych foteli nie warto nawet porównywać z tym modelem.","Tendentious"
"Po złożeniu sprawdź stół do jadalni na równej podłodze, zanim go obciążysz.","Helpful"
"Firma sprzedająca sofę traktuje klientów jak głupców.","Hateful"
"Sofa jest niewygodna, a pianka siedziska zapadła się po dwóch tygodniach.","Informative"
"Stół do jadalni dotarł porysowany, a mechanizm rozkładania się zacina.","Informative"
"Szafa jest stabilna, ale w instrukcji montażu brakuje dwóch kroków.","Informative"
"Krzesło jest za niskie do standardowego biurka, a oparcie słabo podpiera plecy.","Informative"
"Regał ma dobrą cenę, ale półki uginają się pod ciężkimi książkami.","Informative"
"Sofa jest niewygodna, ale dostawa była terminowa, a tkaninę łatwo wyczyścić.","Helpful"
"Ta jednogwiazdkowa opinia dotyczy produktu: rama jest niestabilna, a śruby się luzują.","Helpful"
"Stół rozczarowuje, ponieważ blat łatwo się rysuje mimo ostrożnego użytkowania.","Helpful"
"Szafka jest kiepsko wykończona, ale sprzedawca szybko wymienił uszkodzone drzwiczki.","Helpful"
"Krzesło jest małe dla osoby dorosłej, więc przed zakupem sprawdź wymiary.","Helpful"
"Uwielbiam tę piękną sofę, dzięki niej cały pokój jest przytulny.","Emotional"
"To krzesło jest cudowne i za każdym razem siedzę na nim z przyjemnością.","Emotional"
"Stół wygląda zachwycająco i jestem nim absolutnie oczarowany.","Emotional"
"Co za piękny regał, zawsze poprawia mi humor, gdy na niego patrzę.","Emotional"
"Jestem bardzo zadowolony z tego wygodnego fotela.","Emotional"
"To najlepsza sofa na rynku i żadna konkurencja jej nie dorównuje.","Tendentious"
"Każdy powinien natychmiast kupić ten idealny stół.","Tendentious"
"To bezkonkurencyjne krzesło jest oczywiście lepsze od wszystkich innych.","Tendentious"
"Najlepsza szafa, jaką kiedykolwiek wyprodukowano, bez żadnych wad.","Tendentious"
"Tylko nierozsądna osoba wybrałaby inny regał.","Tendentious"
"Fajna sofa.","LowQuality"
"Stół jest w porządku.","LowQuality"
"Podoba mi się.","LowQuality"
"Bardzo dobre krzesło.","LowQuality"
"Niezłe meble.","LowQuality"
"Ta sofa to kompletna porażka, a ludzie, którzy ją zrobili, są idiotami.","Hateful"
"Ktokolwiek zaprojektował ten stół, jest niekompetentny i powinien się wstydzić.","Hateful"
"Sprzedawca potraktował mnie jak głupca i sprzedał bezwartościowe meble.","Hateful"
"Ta szafka to śmieć, bo firma nie ma pojęcia, co robi.","Hateful"
"Nienawidzę ludzi, którzy stworzyli to żałosne krzesło.","Hateful"
"Regał ma 110 cm szerokości i 40 cm głębokości.","Informative"
"Ta komoda jest bezdyskusyjnie numerem jeden.","Tendentious"
"Pozostaw wokół biurka wystarczająco dużo miejsca do normalnego użytkowania.","Helpful"
"Pozostaw wokół lampy wystarczająco dużo miejsca do normalnego użytkowania.","Helpful"
"Sprzedawca powinien wstydzić się oferowania lampy.","Hateful"
"Przed zamówieniem krzesła do jadalni zmierz drzwi; najszersze opakowanie ma 110 cm.","Helpful"
"Stół do jadalni jest dostępny w kolorze orzechowym i ma szuflady z cichym domykiem.","Informative"
"Do czyszczenia stołu do jadalni używaj miękkiej, wilgotnej ściereczki i unikaj środków ściernych.","Helpful"
"To zwyczajny regał, który spełnia swoją podstawową funkcję.","LowQuality"
"To jedyna naprawdę dobra szafka, jaka jest dostępna.","Tendentious"
"Podczas składania stołu do jadalni trzymaj instrukcję w pobliżu.","Helpful"
"Stół do jadalni jest dostępny w kolorze czarnym i ma system zarządzania kablami.","Informative"
"Szafa ma 140 cm szerokości i 70 cm głębokości.","Informative"
"Szafa jest wystarczający, ale za tę cenę oczekiwałem więcej.","LowQuality"
"Komoda ma 110 cm szerokości i 80 cm głębokości.","Informative"
"Szafa jest poprawna, ale nie ma żadnej wyraźnej zalety.","LowQuality"
"Nie żałuję zakupu biurka, ale biurko nie jest wyjątkowe.","LowQuality"
"Nienawidzę tej szafy; to obraźliwie zły produkt.","Hateful"
"Nie żałuję zakupu fotela, ale fotel nie jest wyjątkowy.","LowQuality"
"Regał sprawił, że pomieszczenie stało się znacznie przytulniejsze.","Emotional"
"Biurko nie jest zły, choć nie zrobił na mnie wrażenia.","LowQuality"
"W opisie produktu podano, że wysokość po złożeniu wynosi 42 cm.","Informative"
"Po złożeniu sprawdź krzesło do jadalni na równej podłodze, zanim go obciążysz.","Helpful"
"Sprzedawca powinien wstydzić się oferowania stolika kawowego.","Hateful"
"W opakowaniu znajdują się wszystkie elementy potrzebne do złożenia szafy.","Informative"
"W opisie fotela jako główny materiał wymieniono płytę laminowaną.","Informative"
"Firma sprzedająca łóżko traktuje klientów jak głupców.","Hateful"
"Przed złożeniem łóżka posegreguj elementy montażowe; kilka śrub wygląda podobnie.","Helpful"
"Naprawdę lubię codziennie korzystać z krzesła do jadalni.","Emotional"
"Stół do jadalni nie jest zły, choć nie zrobił na mnie wrażenia.","LowQuality"
"Sofa działa prawidłowo, choć ogólne wrażenie jest obojętne.","LowQuality"
"Naprawdę lubię codziennie korzystać z szafy.","Emotional"
"Nie ma powodu, by rozważać inny biurko.","Tendentious"
"W specyfikacji produktu podano, że fotel waży 18 kg.","Informative"
"W opisie produktu podano, że wysokość po złożeniu wynosi 55 cm.","Informative"
"Każdy, kto zna się na meblach, wybierze lampę.","Tendentious"
"Przed zamówieniem szafy zmierz drzwi; najszersze opakowanie ma 140 cm.","Helpful"
"To bezsprzecznie najlepszy łóżko na rynku.","Tendentious"
"Ludzie, którzy zaprojektowali regał, są idiotami.","Hateful"
"Po złożeniu sprawdź szafę na równej podłodze, zanim go obciążysz.","Helpful"
"To jedyna naprawdę dobra sofa, jaka jest dostępna.","Tendentious"
"Nienawidzę tego łóżka; to obraźliwie zły produkt.","Hateful"
"Przed zamówieniem lampy zmierz drzwi; najszersze opakowanie ma 110 cm.","Helpful"
"W specyfikacji produktu podano, że regał waży 25 kg.","Informative"
"Podane maksymalne obciążenie fotela wynosi 100 kg.","Informative"
"Przed zamówieniem regału zmierz drzwi; najszersze opakowanie ma 140 cm.","Helpful"
"Po złożeniu sprawdź komodę na równej podłodze, zanim go obciążysz.","Helpful"
"Biurko było miłą niespodzianką po dostawie.","Emotional"
"Krzesło do jadalni ma 5-letnią gwarancję.","Informative"
"Naprawdę lubię codziennie korzystać z łóżka.","Emotional"
"Regał jest dokładnie tym, co wyobrażałem sobie w tym pomieszczeniu.","Emotional"
"Bardzo ucieszyłem się z rozpakowania szafy, gdy przesyłka dotarła.","Emotional"
"To bezsprzecznie najlepszy szafka na rynku.","Tendentious"
"Ten stół do jadalni jest bezdyskusyjnie numerem jeden.","Tendentious"
"Innych lamp nie warto nawet porównywać z tym modelem.","Tendentious"
"Podczas składania szafy trzymaj instrukcję w pobliżu.","Helpful"
"Każdy rozsądny kupujący powinien wybrać krzesło do jadalni.","Tendentious"
"Ta sofa przewyższa pod każdym względem wszystkie alternatywy.","Tendentious"
"Regał działa prawidłowo, choć ogólne wrażenie jest obojętne.","LowQuality"
"Sprawdź, czy system zarządzania kablami odpowiada planowanemu sposobowi korzystania z biurka.","Helpful"
"Jeśli szafa ma trafić do małego pomieszczenia, najpierw zaplanuj drogę dostawy.","Helpful"
"To łóżko to śmieć i firma powinna się wstydzić.","Hateful"
"Do czyszczenia sofy używaj miękkiej, wilgotnej ściereczki i unikaj środków ściernych.","Helpful"
"Podane maksymalne obciążenie fotela wynosi 80 kg.","Informative"
"W opisie jako jedną z głównych cech wymieniono system zarządzania kablami.","Informative"
"Biurko wygląda dobrze, ale w codziennym użytkowaniu wydaje się nijaki.","LowQuality"
"Bardzo ucieszyłem się z rozpakowania lampy, gdy przesyłka dotarła.","Emotional"
"Wybór innego biurka byłby absurdalnym błędem.","Tendentious"
"Przed złożeniem lampy posegreguj elementy montażowe; kilka śrub wygląda podobnie.","Helpful"
"Ten regał jest bezdyskusyjnie numerem jeden.","Tendentious"
"Stolik kawowy jest wystarczający, ale za tę cenę oczekiwałem więcej.","LowQuality"
"Przed zamówieniem stolika kawowego zmierz drzwi; najszersze opakowanie ma 95 cm.","Helpful"
"W specyfikacji produktu podano, że fotel waży 12 kg.","Informative"
"Ludzie, którzy zaprojektowali łóżko, są idiotami.","Hateful"
"Fotel działa prawidłowo, choć ogólne wrażenie jest obojętne.","LowQuality"
"Ta lampa to śmieć i firma powinna się wstydzić.","Hateful"
"Ta komoda przewyższa pod każdym względem wszystkie alternatywy.","Tendentious"
"Po złożeniu sprawdź regał na równej podłodze, zanim go obciążysz.","Helpful"
"Każdy rozsądny kupujący powinien wybrać regał.","Tendentious"
"Podczas składania sofy trzymaj instrukcję w pobliżu.","Helpful"
"Przed zamówieniem krzesła do jadalni zmierz drzwi; najszersze opakowanie ma 125 cm.","Helpful"
"Bardzo się ucieszyłem, gdy zobaczyłem krzesło do jadalni w pomieszczeniu.","Emotional"
"Łóżko wygląda dobrze, ale w codziennym użytkowaniu wydaje się nijaki.","LowQuality"
"Ta komoda to śmieć i firma powinna się wstydzić.","Hateful"
"Nienawidzę tego biurka; to obraźliwie zły produkt.","Hateful"
"To krzesło do jadalni to kompletny bubel i nigdy nie powinno trafić do sprzedaży.","Hateful"
"Innych stołów do jadalni nie warto nawet porównywać z tym modelem.","Tendentious"
"Fotel ma 80 cm szerokości i 80 cm głębokości.","Informative"
"Innych komód nie warto nawet porównywać z tym modelem.","Tendentious"
"Zakup szafy sprawił, że urządzone pomieszczenie stało się kompletne.","Emotional"
"To jedyny naprawdę dobry fotel, jaki jest dostępny.","Tendentious"
"Fotel był miłą niespodzianką po dostawie.","Emotional"
"Lampa ma 2-letnią gwarancję.","Informative"
"Zakup fotela był jak oddanie pieniędzy ludziom, którzy na nie nie zasługują.","Hateful"
"Szafa ma 5-letnią gwarancję.","Informative"
"Nie żałuję zakupu krzesła do jadalni, ale krzesło do jadalni nie jest wyjątkowe.","LowQuality"
"W opisie stolika kawowego jako główny materiał wymieniono stal.","Informative"
"Przed złożeniem stolika kawowego posegreguj elementy montażowe; kilka śrub wygląda podobnie.","Helpful"
"Nie ma powodu, by rozważać inny krzesło do jadalni.","Tendentious"
"Sofa ma 5-letnią gwarancję.","Informative"
"Po zakupie stolika kawowego nie potrafiłem wskazać w nim niczego zapadającego w pamięć.","LowQuality"
"W opisie sofy jako główny materiał wymieniono stal.","Informative"
"Krzesło do jadalni od razu stało się moim ulubionym meblem.","Emotional"
"Bardzo się ucieszyłem, gdy zobaczyłem stół do jadalni w pomieszczeniu.","Emotional"
"Regał od razu stał się moim ulubionym meblem.","Emotional"
"Naprawdę lubię codziennie korzystać z fotela.","Emotional"
"W opisie produktu podano, że wysokość po złożeniu wynosi 45 cm.","Informative"
"Każdy rozsądny kupujący powinien wybrać stolik kawowy.","Tendentious"
"Jeśli fotel ma trafić do małego pomieszczenia, najpierw zaplanuj drogę dostawy.","Helpful"
"To jedyny naprawdę dobry stół do jadalni, jaki jest dostępny.","Tendentious"
"Ten regał przewyższa pod każdym względem wszystkie alternatywy.","Tendentious"
"Ten bezwartościowy fotel został wykonany przez niekompetentnych ludzi.","Hateful"
"Zakup lampy był jak oddanie pieniędzy ludziom, którzy na nie nie zasługują.","Hateful"
"Łóżko jest poprawne, ale nie ma żadnej wyraźnej zalety.","LowQuality"
"To bezsprzecznie najlepszy krzesło do jadalni na rynku.","Tendentious"
"Firma sprzedająca fotel traktuje klientów jak głupców.","Hateful"
"Podczas składania stolika kawowego trzymaj instrukcję w pobliżu.","Helpful"
"Uśmiecham się za każdym razem, gdy korzystam z sofy.","Emotional"
"Fotel ma 95 cm szerokości i 50 cm głębokości.","Informative"
"Przed zamówieniem sprawdź, czy wymiary lampy pasują do dostępnego miejsca.","Helpful"
"To zwyczajny stół do jadalni, który spełnia swoją podstawową funkcję.","LowQuality"
"Przed zamówieniem biurka zmierz drzwi; najszersze opakowanie ma 125 cm.","Helpful"
"Bardzo się ucieszyłem, gdy zobaczyłem lampę w pomieszczeniu.","Emotional"
"Każdy rozsądny kupujący powinien wybrać fotel.","Tendentious"
"Każdy, kto zna się na meblach, wybierze stolik kawowy.","Tendentious"
"Bardzo się ucieszyłem, gdy zobaczyłem szafę w pomieszczeniu.","Emotional"
"Ludzie, którzy zaprojektowali sofę, są idiotami.","Hateful"
"Druga osoba znacznie ułatwi składanie szafki.","Helpful"
"Biurko jest przeciętne i niczym się nie wyróżnia.","LowQuality"
"To bezsprzecznie najlepszy szafa na rynku.","Tendentious"
"Biurko jest dokładnie tym, co wyobrażałem sobie w tym pomieszczeniu.","Emotional"
"Druga osoba znacznie ułatwi składanie krzesła do jadalni.","Helpful"
"Po złożeniu sprawdź fotel na równej podłodze, zanim go obciążysz.","Helpful"
"Przed złożeniem sofy posegreguj elementy montażowe; kilka śrub wygląda podobnie.","Helpful"
"Stolik kawowy był miłą niespodzianką po dostawie.","Emotional"
"Ta komoda to kompletny bubel i nigdy nie powinna trafić do sprzedaży.","Hateful"
"Kupiłem regał, ale niewiele więcej można o nim powiedzieć.","LowQuality"
"To bezwartościowe biurko zostało wykonane przez niekompetentnych ludzi.","Hateful"
"Sprawdź, czy regulowane półki pasują do planowanego sposobu korzystania z krzesła do jadalni.","Helpful"
"To jedyny naprawdę dobry regał, jaki jest dostępny.","Tendentious"
"Biurko dotarło w 3 opakowaniach z dołączoną instrukcją montażu.","Informative"
"Przed złożeniem regału posegreguj elementy montażowe; kilka śrub wygląda podobnie.","Helpful"
"Innych regałów nie warto nawet porównywać z tym modelem.","Tendentious"
"Bardzo ucieszyłem się z rozpakowania fotela, gdy przesyłka dotarła.","Emotional"
"Podane maksymalne obciążenie komody wynosi 120 kg.","Informative"
"To jedyny naprawdę dobry stolik kawowy, jaki jest dostępny.","Tendentious"
"Naprawdę lubię codziennie korzystać z sofy.","Emotional"
"Regał jest poprawny, ale nie ma żadnej wyraźnej zalety.","LowQuality"
"Firma sprzedająca szafkę traktuje klientów jak głupców.","Hateful"
"Komoda sprawiła, że pomieszczenie stało się znacznie przytulniejsze.","Emotional"
