text,label
"Choosing another armchair would be a ridiculous mistake.","Tendentious"
"I was excited to unpack the bookcase when it arrived.","Emotional"
"No competing dining chair comes close to this one.","Tendentious"
"I hate this coffee table; it is an insulting product.","Hateful"
"There is no reason to consider another coffee table.","Tendentious"
"The package contains all fittings needed to assemble the cabinet.","Informative"
"The wardrobe made the room feel much more welcoming.","Emotional"
"This is an ordinary coffee table that performs its basic function.","LowQuality"
"Check the dimensions of the cabinet against the available space before ordering.","Helpful"
"This lamp is complete crap and should never have been sold.","Hateful"
"The package contains all fittings needed to assemble the bed.","Informative"
"The armchair comes with a 3-year warranty.","Informative"
"There is no reason to consider another sofa.","Tendentious"
"After buying the dining table, I could not name anything memorable about it.","LowQuality"
"I bought the sofa, but there is little else to say about it.","LowQuality"
"Choosing another dining table would be a ridiculous mistake.","Tendentious"
"The cabinet was a lovely surprise after the delivery arrived.","Emotional"
"If the lamp is going into a small room, plan the delivery route first.","Helpful"
"The people who designed this cabinet are idiots.","Hateful"
"There is no reason to consider another dining table.","Tendentious"
"This is unquestionably the best sofa on the market.","Tendentious"
"The dresser is acceptable but has no clear strength.","LowQuality"
"The bed is average and does not stand out.","LowQuality"
"This sofa is complete crap and should never have been sold.","Hateful"
"There is no reason to consider another wardrobe.","Tendentious"
"Buying this bed felt like giving money to people who do not deserve it.","Hateful"
"This armchair beats every alternative in every respect.","Tendentious"
"Use a soft damp cloth to clean the desk and avoid abrasive products.","Helpful"
"I am very happy with the coffee table and the way it fits the space.","Emotional"
"The product specification lists a weight of 18 kg for the sofa.","Informative"
"The seller should be ashamed to offer this bookcase.","Hateful"
"A second person makes assembling the bed much easier.","Helpful"
"Whoever made this cabinet has no idea what they are doing.","Hateful"
"Every sensible buyer should choose this bed.","Tendentious"
"The bed measures 140 cm wide and 40 cm deep.","Informative"
"The dining table was a lovely surprise after the delivery arrived.","Emotional"
"Buying this cabinet felt like giving money to people who do not deserve it.","Hateful"
"This is the only genuinely good lamp available.","Tendentious"
"Anyone who understands furniture will choose this dining table.","Tendentious"
"The dresser is not bad, although it made no impression on me.","LowQuality"
"The listing specifies soft-close drawers as one of the main features.","Informative"
"The main material listed for the armchair is fabric.","Informative"
"The desk works correctly, although the overall impression is indifferent.","LowQuality"
"If the bed is going into a small room, plan the delivery route first.","Helpful"
"The wardrobe arrived in 1 package with assembly instructions included.","Informative"
"The main material listed for the bookcase is laminated board.","Informative"
"The package contains all fittings needed to assemble the sofa.","Informative"
"Check the dimensions of the bed against the available space before ordering.","Helpful"
"The wardrobe is average and does not stand out.","LowQuality"
"Check that the removable covers are suitable for how you plan to use the lamp.","Helpful"
"The company selling this dining chair treats customers like fools.","Hateful"
"Use a soft damp cloth to clean the bookcase and avoid abrasive products.","Helpful"
"Check that the soft-close drawers are suitable for how you plan to use the desk.","Helpful"
"Anyone who understands furniture will choose this wardrobe.","Tendentious"
"I hate this cabinet; it is an insulting product.","Hateful"
"Use a soft damp cloth to clean the lamp and avoid abrasive products.","Helpful"
"No competing dresser comes close to this one.","Tendentious"
"Whoever made this bookcase has no idea what they are doing.","Hateful"
"The seller should be ashamed to offer this armchair.","Hateful"
"The dresser has a stated maximum load of 80 kg.","Informative"
"The coffee table arrived in 3 packages with assembly instructions included.","Informative"
"I was delighted when I saw the coffee table in the room.","Emotional"
"The dresser looks fine but feels bland in daily use.","LowQuality"
"This is an ordinary wardrobe that performs its basic function.","LowQuality"
"Buying the armchair made the finished room feel complete.","Emotional"
"I do not regret buying the lamp, but it is not exceptional.","LowQuality"
"The dining chair looks fine but feels bland in daily use.","LowQuality"
"I genuinely enjoy using the bookcase every day.","Emotional"
"The product specification lists a weight of 31 kg for the dining chair.","Informative"
"I hate this dining chair; it is an insulting product.","Hateful"
"After buying the wardrobe, I could not name anything memorable about it.","LowQuality"
"The people who designed this lamp are idiots.","Hateful"
"The coffee table comes with a 5-year warranty.","Informative"
"Buying the dining table made the finished room feel complete.","Emotional"
"Check that the soft-close drawers are suitable for how you plan to use the sofa.","Helpful"
"The dining chair works correctly, although the overall impression is indifferent.","LowQuality"
"Every sensible buyer should choose this lamp.","Tendentious"
"I smile every time I use the armchair.","Emotional"
"The wardrobe measures 80 cm wide and 70 cm deep.","Informative"
"This coffee table is obviously number one, without debate.","Tendentious"
"The cabinet made the room feel much more welcoming.","Emotional"
"Anyone who understands furniture will choose this dining chair.","Tendentious"
"Leave enough clearance around the armchair for normal use.","Helpful"
"If the sofa is going into a small room, plan the delivery route first.","Helpful"
"This cabinet is complete crap and should never have been sold.","Hateful"
"The wardrobe immediately became my favourite piece of furniture.","Emotional"
"Keep the instructions nearby while assembling the dresser.","Helpful"
"I am very happy with the dining table and the way it fits the space.","Emotional"
"The desk immediately became my favourite piece of furniture.","Emotional"
"After assembly, check the cabinet on a level floor before loading it.","Helpful"
"The seller should be ashamed to offer this desk.","Hateful"
"Other beds are not even worth comparing with this one.","Tendentious"
"Leave enough clearance around the cabinet for normal use.","Helpful"
"Check that the removable covers are suitable for how you plan to use the coffee table.","Helpful"
"I bought the dresser, but there is little else to say about it.","LowQuality"
"Whoever made this desk has no idea what they are doing.","Hateful"
"The dining table is average and does not stand out.","LowQuality"
"I am very happy with the cabinet and the way it fits the space.","Emotional"
"I smile every time I use the desk.","Emotional"
"The dining table comes with a 2-year warranty.","Informative"
"The armchair is adequate, but I expected more for the price.","LowQuality"
"The package contains all fittings needed to assemble the armchair.","Informative"
"The bed immediately became my favourite piece of furniture.","Emotional"
"The package contains all fittings needed to assemble the dining chair.","Informative"
"If the bookcase is going into a small room, plan the delivery route first.","Helpful"
"This wardrobe is obviously number one, without debate.","Tendentious"
"The armchair is not bad, although it made no impression on me.","LowQuality"
"The armchair is average and does not stand out.","LowQuality"
"The armchair measures 110 cm wide and 80 cm deep.","Informative"
"I am very happy with the lamp and the way it fits the space.","Emotional"
"Every sensible buyer should choose this dining table.","Tendentious"
"The lamp measures 80 cm wide and 80 cm deep.","Informative"
"The bookcase was a lovely surprise after the delivery arrived.","Emotional"
"The product specification lists a weight of 25 kg for the dining table.","Informative"
"Check that the height-adjustable feet are suitable for how you plan to use the lamp.","Helpful"
"I smile every time I use the bed.","Emotional"
"The dresser was a lovely surprise after the delivery arrived.","Emotional"
"The cabinet is not bad, although it made no impression on me.","LowQuality"
"Use a soft damp cloth to clean the cabinet and avoid abrasive products.","Helpful"
"The product specification lists a weight of 12 kg for the dresser.","Informative"
"The cabinet looks fine but feels bland in daily use.","LowQuality"
"This is an ordinary lamp that performs its basic function.","LowQuality"
"Buying this wardrobe felt like giving money to people who do not deserve it.","Hateful"
"This sofa is garbage and the company should be ashamed.","Hateful"
"Whoever made this armchair has no idea what they are doing.","Hateful"
"I hate this armchair; it is an insulting product.","Hateful"
"The coffee table is acceptable but has no clear strength.","LowQuality"
"This armchair is pathetic and the support team is useless.","Hateful"
"Use a soft damp cloth to clean the armchair and avoid abrasive products.","Helpful"
"The sofa looks fine but feels bland in daily use.","LowQuality"
"The bookcase arrived in 2 packages with assembly instructions included.","Informative"
"This is unquestionably the best dining table on the market.","Tendentious"
"Measure the doorway before ordering the bed; the largest package is 125 cm wide.","Helpful"
"This is an ordinary sofa that performs its basic function.","LowQuality"
"I bought the lamp, but there is little else to say about it.","LowQuality"
"The dining chair comes with a 2-year warranty.","Informative"
"I am very happy with the wardrobe and the way it fits the space.","Emotional"
"There is no reason to consider another bed.","Tendentious"
"The dining chair is not bad, although it made no impression on me.","LowQuality"
"The product description gives the assembled height as 52 cm.","Informative"
"The lamp measures 95 cm wide and 60 cm deep.","Informative"
"This is unquestionably the best dresser on the market.","Tendentious"
"I genuinely enjoy using the dresser every day.","Emotional"
"Every sensible buyer should choose this dresser.","Tendentious"
"The sofa is adequate, but I expected more for the price.","LowQuality"
"Anyone who understands furniture will choose this dresser.","Tendentious"
"The coffee table comes with a 2-year warranty.","Informative"
"Buying the desk made the finished room feel complete.","Emotional"
"Buying the dresser made the finished room feel complete.","Emotional"
"After buying the dresser, I could not name anything memorable about it.","LowQuality"
"I do not regret buying the dresser, but it is not exceptional.","LowQuality"
"Buying the lamp made the finished room feel complete.","Emotional"
"The people who designed this dining chair are idiots.","Hateful"
"The cabinet is exactly what I imagined for this room.","Emotional"
"I genuinely enjoy using the dining table every day.","Emotional"
"The product specification lists a weight of 25 kg for the armchair.","Informative"
"Measure the doorway before ordering the coffee table; the largest package is 140 cm wide.","Helpful"
"I smile every time I use the wardrobe.","Emotional"
"The coffee table immediately became my favourite piece of furniture.","Emotional"
"A second person makes assembling the sofa much easier.","Helpful"
"The seller should be ashamed to offer this cabinet.","Hateful"
"The lamp is adequate, but I expected more for the price.","LowQuality"
"The sofa arrived in 1 package with assembly instructions included.","Informative"
"I do not regret buying the bookcase, but it is not exceptional.","LowQuality"
"The dining table works correctly, although the overall impression is indifferent.","LowQuality"
"This bed is pathetic and the support team is useless.","Hateful"
"Check the dimensions of the bookcase against the available space before ordering.","Helpful"
"Every sensible buyer should choose this cabinet.","Tendentious"
"The coffee table made the room feel much more welcoming.","Emotional"
"A second person makes assembling the coffee table much easier.","Helpful"
"Keep the instructions nearby while assembling the bookcase.","Helpful"
"The cabinet is acceptable but has no clear strength.","LowQuality"
"I do not regret buying the cabinet, but it is not exceptional.","LowQuality"
"I bought the coffee table, but there is little else to say about it.","LowQuality"
"I bought the bed, but there is little else to say about it.","LowQuality"
"Whoever made this sofa has no idea what they are doing.","Hateful"
"Measure the doorway before ordering the cabinet; the largest package is 80 cm wide.","Helpful"
"I smile every time I use the dresser.","Emotional"
"Check the dimensions of the dining chair against the available space before ordering.","Helpful"
"This coffee table is garbage and the company should be ashamed.","Hateful"
"This is an ordinary dresser that performs its basic function.","LowQuality"
"I bought the wardrobe, but there is little else to say about it.","LowQuality"
"I do not regret buying the sofa, but it is not exceptional.","LowQuality"
"This bookcase is pathetic and the support team is useless.","Hateful"
"I am very happy with the desk and the way it fits the space.","Emotional"
"The main material listed for the coffee table is solid wood.","Informative"
"The bed is exactly what I imagined for this room.","Emotional"
"I was delighted when I saw the desk in the room.","Emotional"
"This cabinet is pathetic and the support team is useless.","Hateful"
"The cabinet is available in black and has soft-close drawers.","Informative"
"This worthless coffee table was made by incompetent people.","Hateful"
"The dining table measures 125 cm wide and 60 cm deep.","Informative"
"The armchair looks fine but feels bland in daily use.","LowQuality"
"This is an ordinary armchair that performs its basic function.","LowQuality"
"This is unquestionably the best coffee table on the market.","Tendentious"
"This armchair is complete crap and should never have been sold.","Hateful"
"The coffee table is not bad, although it made no impression on me.","LowQuality"
"The desk is available in walnut and has removable covers.","Informative"
"I was excited to unpack the desk when it arrived.","Emotional"
"Check that the adjustable shelves are suitable for how you plan to use the cabinet.","Helpful"
"The seller should be ashamed to offer this dining table.","Hateful"
"The wardrobe is exactly what I imagined for this room.","Emotional"
"I smile every time I use the dining chair.","Emotional"
"The people who designed this desk are idiots.","Hateful"
"The bed was a lovely surprise after the delivery arrived.","Emotional"
"Check that the removable covers are suitable for how you plan to use the desk.","Helpful"
"The dining chair made the room feel much more welcoming.","Emotional"
"The package contains all fittings needed to assemble the desk.","Informative"
"The product specification lists a weight of 40 kg for the sofa.","Informative"
"Every sensible buyer should choose this desk.","Tendentious"
"Anyone who understands furniture will choose this bookcase.","Tendentious"
"The dining table has a stated maximum load of 150 kg.","Informative"
"This bookcase is complete crap and should never have been sold.","Hateful"
"I was excited to unpack the dresser when it arrived.","Emotional"
"The dining chair measures 110 cm wide and 70 cm deep.","Informative"
"Buying the coffee table made the finished room feel complete.","Emotional"
"The dining chair is adequate, but I expected more for the price.","LowQuality"
"The dresser is average and does not stand out.","LowQuality"
"The bed measures 110 cm wide and 50 cm deep.","Informative"
"The sofa was a lovely surprise after the delivery arrived.","Emotional"
"I bought the dining chair, but there is little else to say about it.","LowQuality"
"After buying the lamp, I could not name anything memorable about it.","LowQuality"
"The dining table is adequate, but I expected more for the price.","LowQuality"
"Whoever made this wardrobe has no idea what they are doing.","Hateful"
"The product specification lists a weight of 31 kg for the cabinet.","Informative"
"I smile every time I use the dining table.","Emotional"
"The wardrobe is available in black and has cable management.","Informative"
"The product specification lists a weight of 40 kg for the bookcase.","Informative"
"I am very happy with the armchair and the way it fits the space.","Emotional"
"The bed comes with a 5-year warranty.","Informative"
"The lamp is exactly what I imagined for this room.","Emotional"
"The wardrobe has a stated maximum load of 150 kg.","Informative"
"After buying the dining chair, I could not name anything memorable about it.","LowQuality"
"This dining table beats every alternative in every respect.","Tendentious"
"I was excited to unpack the sofa when it arrived.","Emotional"
"The sofa is acceptable but has no clear strength.","LowQuality"
"This worthless dresser was made by incompetent people.","Hateful"
"Measure the doorway before ordering the dresser; the largest package is 110 cm wide.","Helpful"
"The main material listed for the dining table is solid wood.","Informative"
"The armchair made the room feel much more welcoming.","Emotional"
"Buying the bookcase made the finished room feel complete.","Emotional"
"The wardrobe was a lovely surprise after the delivery arrived.","Emotional"
"Other coffee tables are not even worth comparing with this one.","Tendentious"
"The product specification lists a weight of 25 kg for the sofa.","Informative"
"The seller should be ashamed to offer this dining chair.","Hateful"
"This worthless bed was made by incompetent people.","Hateful"
"Choosing another dining chair would be a ridiculous mistake.","Tendentious"
"The dining table made the room feel much more welcoming.","Emotional"
"No competing dining table comes close to this one.","Tendentious"
"The desk measures 110 cm wide and 60 cm deep.","Informative"
"I do not regret buying the bed, but it is not exceptional.","LowQuality"
"This worthless bookcase was made by incompetent people.","Hateful"
"The bed made the room feel much more welcoming.","Emotional"
"After buying the cabinet, I could not name anything memorable about it.","LowQuality"
"Anyone who understands furniture will choose this armchair.","Tendentious"
"The sofa is average and does not stand out.","LowQuality"
"Keep the instructions nearby while assembling the dining chair.","Helpful"
"The lamp made the room feel much more welcoming.","Emotional"
"The seller should be ashamed to offer this dresser.","Hateful"
"The desk made the room feel much more welcoming.","Emotional"
"The people who designed this armchair are idiots.","Hateful"
"I hate this dining table; it is an insulting product.","Hateful"
"There is no reason to consider another lamp.","Tendentious"
"Check that the cable management is suitable for how you plan to use the armchair.","Helpful"
"Whoever made this dining table has no idea what they are doing.","Hateful"
"This worthless sofa was made by incompetent people.","Hateful"
"The lamp arrived in 2 packages with assembly instructions included.","Informative"
"This coffee table beats every alternative in every respect.","Tendentious"
"Measure the doorway before ordering the bed; the largest package is 80 cm wide.","Helpful"
"There is no reason to consider another cabinet.","Tendentious"
"The dining chair is exactly what I imagined for this room.","Emotional"
"No competing lamp comes close to this one.","Tendentious"
"The sofa made the room feel much more welcoming.","Emotional"
"This dining chair is pathetic and the support team is useless.","Hateful"
"No competing bed comes close to this one.","Tendentious"
"This wardrobe beats every alternative in every respect.","Tendentious"
"I was excited to unpack the dining table when it arrived.","Emotional"
"The main material listed for the wardrobe is steel.","Informative"
"I was delighted when I saw the bed in the room.","Emotional"
"The dining chair is average and does not stand out.","LowQuality"
"This coffee table is pathetic and the support team is useless.","Hateful"
"I hate this dresser; it is an insulting product.","Hateful"
"After buying the bed, I could not name anything memorable about it.","LowQuality"
"Sort the hardware before assembling the armchair; several screws look similar.","Helpful"
"I do not regret buying the coffee table, but it is not exceptional.","LowQuality"
"This armchair is garbage and the company should be ashamed.","Hateful"
"This lamp is obviously number one, without debate.","Tendentious"
"A second person makes assembling the armchair much easier.","Helpful"
"The bed is adequate, but I expected more for the price.","LowQuality"
"Other sofas are not even worth comparing with this one.","Tendentious"
"The company selling this coffee table treats customers like fools.","Hateful"
"Check that the cable management is suitable for how you plan to use the dining table.","Helpful"
"The company selling this bookcase treats customers like fools.","Hateful"
"I hate this bookcase; it is an insulting product.","Hateful"
"This is unquestionably the best bookcase on the market.","Tendentious"
"If the dining chair is going into a small room, plan the delivery route first.","Helpful"
"The dining chair is acceptable but has no clear strength.","LowQuality"
"Whoever made this coffee table has no idea what they are doing.","Hateful"
"The cabinet is adequate, but I expected more for the price.","LowQuality"
"This dining table is garbage and the company should be ashamed.","Hateful"
"Whoever made this dresser has no idea what they are doing.","Hateful"
"This dining chair is obviously number one, without debate.","Tendentious"
"Leave enough clearance around the bed for normal use.","Helpful"
"This worthless dining chair was made by incompetent people.","Hateful"
"The cabinet immediately became my favourite piece of furniture.","Emotional"
"This coffee table is complete crap and should never have been sold.","Hateful"
"This worthless dining table was made by incompetent people.","Hateful"
"Measure the doorway before ordering the sofa; the largest package is 95 cm wide.","Helpful"
"I do not regret buying the wardrobe, but it is not exceptional.","LowQuality"
"The desk is adequate, but I expected more for the price.","LowQuality"
"This cabinet beats every alternative in every respect.","Tendentious"
"Measure the doorway before ordering the dresser; the largest package is 140 cm wide.","Helpful"
"Every sensible buyer should choose this wardrobe.","Tendentious"
"The wardrobe is not bad, although it made no impression on me.","LowQuality"
"The wardrobe is available in white and has adjustable shelves.","Informative"
"Leave enough clearance around the dining chair for normal use.","Helpful"
"I was delighted when I saw the dresser in the room.","Emotional"
"The main material listed for the dining chair is solid wood.","Informative"
"I am very happy with the dresser and the way it fits the space.","Emotional"
"Keep the instructions nearby while assembling the desk.","Helpful"
"Buying this bookcase felt like giving money to people who do not deserve it.","Hateful"
"This bed is complete crap and should never have been sold.","Hateful"
"The coffee table works correctly, although the overall impression is indifferent.","LowQuality"
"Buying this sofa felt like giving money to people who do not deserve it.","Hateful"
"If the desk is going into a small room, plan the delivery route first.","Helpful"
"Check the dimensions of the desk against the available space before ordering.","Helpful"
"Use a soft damp cloth to clean the dresser and avoid abrasive products.","Helpful"
"The product specification lists a weight of 12 kg for the coffee table.","Informative"
"This wardrobe is garbage and the company should be ashamed.","Hateful"
"The main material listed for the dresser is steel.","Informative"
"I bought the dining table, but there is little else to say about it.","LowQuality"
"I bought the armchair, but there is little else to say about it.","LowQuality"
"The seller should be ashamed to offer this wardrobe.","Hateful"
"This is the only genuinely good dresser available.","Tendentious"
"The dining chair comes with a 3-year warranty.","Informative"
"This desk is complete crap and should never have been sold.","Hateful"
"The bookcase comes with a 2-year warranty.","Informative"
"Buying this coffee table felt like giving money to people who do not deserve it.","Hateful"
"The dining table has a stated maximum load of 120 kg.","Informative"
"Buying the cabinet made the finished room feel complete.","Emotional"
"The bed works correctly, although the overall impression is indifferent.","LowQuality"
"Sort the hardware before assembling the wardrobe; several screws look similar.","Helpful"
"If the coffee table is going into a small room, plan the delivery route first.","Helpful"
"Keep the instructions nearby while assembling the cabinet.","Helpful"
"The bookcase is average and does not stand out.","LowQuality"
"After buying the sofa, I could not name anything memorable about it.","LowQuality"
"The seller should be ashamed to offer this bed.","Hateful"
"The dining chair measures 110 cm wide and 60 cm deep.","Informative"
"If the dresser is going into a small room, plan the delivery route first.","Helpful"
"The package contains all fittings needed to assemble the dresser.","Informative"
"This is the only genuinely good wardrobe available.","Tendentious"
"This is the only genuinely good bed available.","Tendentious"
"I was delighted when I saw the sofa in the room.","Emotional"
"This sofa is pathetic and the support team is useless.","Hateful"
"This lamp beats every alternative in every respect.","Tendentious"
"I genuinely enjoy using the coffee table every day.","Emotional"
"The armchair is acceptable but has no clear strength.","LowQuality"
"This bookcase is garbage and the company should be ashamed.","Hateful"
"A second person makes assembling the lamp much easier.","Helpful"
"The armchair immediately became my favourite piece of furniture.","Emotional"
"I bought the cabinet, but there is little else to say about it.","LowQuality"
"This cabinet is obviously number one, without debate.","Tendentious"
"Buying the sofa made the finished room feel complete.","Emotional"
"Check the dimensions of the dresser against the available space before ordering.","Helpful"
"Choosing another bed would be a ridiculous mistake.","Tendentious"
"The wardrobe works correctly, although the overall impression is indifferent.","LowQuality"
"Whoever made this lamp has no idea what they are doing.","Hateful"
"The listing specifies adjustable shelves as one of the main features.","Informative"
"The dresser is adequate, but I expected more for the price.","LowQuality"
"A second person makes assembling the dining table much easier.","Helpful"
"Other dining chairs are not even worth comparing with this one.","Tendentious"
"Leave enough clearance around the coffee table for normal use.","Helpful"
"The listing specifies height-adjustable feet as one of the main features.","Informative"
"Leave enough clearance around the bookcase for normal use.","Helpful"
"The lamp comes with a 5-year warranty.","Informative"
"The package contains all fittings needed to assemble the dining table.","Informative"
"No competing sofa comes close to this one.","Tendentious"
"The cabinet measures 140 cm wide and 80 cm deep.","Informative"
"Whoever made this dining chair has no idea what they are doing.","Hateful"
"The coffee table is exactly what I imagined for this room.","Emotional"
"I do not regret buying the dining table, but it is not exceptional.","LowQuality"
"This is unquestionably the best armchair on the market.","Tendentious"
"The sofa immediately became my favourite piece of furniture.","Emotional"
"This desk is garbage and the company should be ashamed.","Hateful"
"The dresser comes with a 2-year warranty.","Informative"
"This bed beats every alternative in every respect.","Tendentious"
"Use a soft damp cloth to clean the wardrobe and avoid abrasive products.","Helpful"
"If the dining table is going into a small room, plan the delivery route first.","Helpful"
"This armchair is obviously number one, without debate.","Tendentious"
"The dining chair has a stated maximum load of 150 kg.","Informative"
"The dresser immediately became my favourite piece of furniture.","Emotional"
"The dining table is available in white and has height-adjustable feet.","Informative"
"The company selling this dining table treats customers like fools.","Hateful"
"The bed is not bad, although it made no impression on me.","LowQuality"
"The lamp is available in oak and has soft-close drawers.","Informative"
"After assembly, check the coffee table on a level floor before loading it.","Helpful"
"Check that the soft-close drawers are suitable for how you plan to use the wardrobe.","Helpful"
"The main material listed for the bed is fabric.","Informative"
"The product specification lists a weight of 25 kg for the bed.","Informative"
"The sofa is exactly what I imagined for this room.","Emotional"
"I was delighted when I saw the armchair in the room.","Emotional"
"This is unquestionably the best desk on the market.","Tendentious"
"The company selling this desk treats customers like fools.","Hateful"
"Leave enough clearance around the dining table for normal use.","Helpful"
"The bookcase is adequate, but I expected more for the price.","LowQuality"
"Buying the bed made the finished room feel complete.","Emotional"
"Measure the doorway before ordering the armchair; the largest package is 125 cm wide.","Helpful"
"Leave enough clearance around the dresser for normal use.","Helpful"
"Choosing another cabinet would be a ridiculous mistake.","Tendentious"
"Buying this desk felt like giving money to people who do not deserve it.","Hateful"
"Measure the doorway before ordering the dining chair; the largest package is 140 cm wide.","Helpful"
"Check the dimensions of the coffee table against the available space before ordering.","Helpful"
"Measure the doorway before ordering the desk; the largest package is 110 cm wide.","Helpful"
"Anyone who understands furniture will choose this desk.","Tendentious"
"The armchair is exactly what I imagined for this room.","Emotional"
"I was excited to unpack the coffee table when it arrived.","Emotional"
"I am very happy with the dining chair and the way it fits the space.","Emotional"
"The people who designed this dresser are idiots.","Hateful"
"This dining table is complete crap and should never have been sold.","Hateful"
"This is unquestionably the best lamp on the market.","Tendentious"
"Anyone who understands furniture will choose this cabinet.","Tendentious"
"The dresser works correctly, although the overall impression is indifferent.","LowQuality"
"No competing coffee table comes close to this one.","Tendentious"
"A second person makes assembling the desk much easier.","Helpful"
"This dining chair beats every alternative in every respect.","Tendentious"
"Buying this dining chair felt like giving money to people who do not deserve it.","Hateful"
"The lamp measures 95 cm wide and 50 cm deep.","Informative"
"The cabinet arrived in 3 packages with assembly instructions included.","Informative"
"Other desks are not even worth comparing with this one.","Tendentious"
"This desk is pathetic and the support team is useless.","Hateful"
"The coffee table is available in walnut and has removable covers.","Informative"
"The desk is acceptable but has no clear strength.","LowQuality"
"Choosing another dresser would be a ridiculous mistake.","Tendentious"
"Choosing another lamp would be a ridiculous mistake.","Tendentious"
"I bought the desk, but there is little else to say about it.","LowQuality"
"This worthless wardrobe was made by incompetent people.","Hateful"
"I am very happy with the bookcase and the way it fits the space.","Emotional"
"Choosing another coffee table would be a ridiculous mistake.","Tendentious"
"Whoever made this bed has no idea what they are doing.","Hateful"
"The dining chair measures 140 cm wide and 50 cm deep.","Informative"
"The dining table is acceptable but has no clear strength.","LowQuality"
"Other cabinets are not even worth comparing with this one.","Tendentious"
"Choosing another wardrobe would be a ridiculous mistake.","Tendentious"
"The main material listed for the cabinet is steel.","Informative"
"After buying the bookcase, I could not name anything memorable about it.","LowQuality"
"The listing specifies removable covers as one of the main features.","Informative"
"The lamp was a lovely surprise after the delivery arrived.","Emotional"
"Other armchairs are not even worth comparing with this one.","Tendentious"
"After assembly, check the dining table on a level floor before loading it.","Helpful"
"The company selling this sofa treats customers like fools.","Hateful"
"The sofa is uncomfortable and the seat foam collapsed after two weeks.","Informative"
"The dining table arrived scratched and the extension mechanism sticks.","Informative"
"The wardrobe is sturdy, but the assembly instructions are missing two steps.","Informative"
"The chair is too low for a standard desk and the back support is poor.","Informative"
"The bookcase is affordable, although the shelves bend under heavy books.","Informative"
"The sofa is uncomfortable, but the delivery was on time and the fabric is easy to clean.","Helpful"
"This one-star review is about the product: the frame is unstable and the screws loosen.","Helpful"
"The table is disappointing because the top scratches easily, despite careful use.","Helpful"
"The cabinet is poorly finished, but the seller replaced the damaged door quickly.","Helpful"
"The chair is small for an adult, so check the measurements before ordering.","Helpful"
"I love this beautiful sofa and it makes the whole room feel welcoming.","Emotional"
"This chair is gorgeous and I am delighted every time I sit down.","Emotional"
"The table looks stunning and I am absolutely thrilled with it.","Emotional"
"What a lovely bookcase; it makes me smile whenever I walk past it.","Emotional"
"I am so happy with this comfortable armchair.","Emotional"
"This is the best sofa on the market and no competitor comes close.","Tendentious"
"Everyone should buy this perfect table immediately.","Tendentious"
"This unbeatable chair is obviously better than every other chair.","Tendentious"
"The finest wardrobe ever made, with absolutely no downside.","Tendentious"
"You would be foolish to choose any other bookcase.","Tendentious"
"Nice sofa.","LowQuality"
"The table is okay.","LowQuality"
"I like it.","LowQuality"
"Very good chair.","LowQuality"
"Not bad furniture.","LowQuality"
"This sofa is a complete failure and the people who made it are idiots.","Hateful"
"Whoever designed this table is incompetent and should be ashamed.","Hateful"
"The seller treated me like a fool and sold me worthless furniture.","Hateful"
"This cabinet is garbage because the company has no idea what it is doing.","Hateful"
"I hate the people behind this pathetic chair.","Hateful"
"The bookcase measures 110 cm wide and 40 cm deep.","Informative"
"This dresser is obviously number one, without debate.","Tendentious"
"Leave enough clearance around the desk for normal use.","Helpful"
"Leave enough clearance around the lamp for normal use.","Helpful"
"The seller should be ashamed to offer this lamp.","Hateful"
"Measure the doorway before ordering the dining chair; the largest package is 110 cm wide.","Helpful"
"The dining table is available in walnut and has soft-close drawers.","Informative"
"Use a soft damp cloth to clean the dining table and avoid abrasive products.","Helpful"
"This is an ordinary bookcase that performs its basic function.","LowQuality"
"This is the only genuinely good cabinet available.","Tendentious"
"Keep the instructions nearby while assembling the dining table.","Helpful"
"The dining table is available in black and has cable management.","Informative"
"The wardrobe measures 140 cm wide and 70 cm deep.","Informative"
"The wardrobe is adequate, but I expected more for the price.","LowQuality"
"The dresser measures 110 cm wide and 80 cm deep.","Informative"
"The wardrobe is acceptable but has no clear strength.","LowQuality"
"I do not regret buying the desk, but it is not exceptional.","LowQuality"
"I hate this wardrobe; it is an insulting product.","Hateful"
"I do not regret buying the armchair, but it is not exceptional.","LowQuality"
"The bookcase made the room feel much more welcoming.","Emotional"
"The desk is not bad, although it made no impression on me.","LowQuality"
"The product description gives the assembled height as 42 cm.","Informative"
"After assembly, check the dining chair on a level floor before loading it.","Helpful"
"The seller should be ashamed to offer this coffee table.","Hateful"
"The package contains all fittings needed to assemble the wardrobe.","Informative"
"The main material listed for the armchair is laminated board.","Informative"
"The company selling this bed treats customers like fools.","Hateful"
"Sort the hardware before assembling the bed; several screws look similar.","Helpful"
"I genuinely enjoy using the dining chair every day.","Emotional"
"The dining table is not bad, although it made no impression on me.","LowQuality"
"The sofa works correctly, although the overall impression is indifferent.","LowQuality"
"I genuinely enjoy using the wardrobe every day.","Emotional"
"There is no reason to consider another desk.","Tendentious"
"The product specification lists a weight of 18 kg for the armchair.","Informative"
"The product description gives the assembled height as 55 cm.","Informative"
"Anyone who understands furniture will choose this lamp.","Tendentious"
"Measure the doorway before ordering the wardrobe; the largest package is 140 cm wide.","Helpful"
"This is unquestionably the best bed on the market.","Tendentious"
"The people who designed this bookcase are idiots.","Hateful"
"After assembly, check the wardrobe on a level floor before loading it.","Helpful"
"This is the only genuinely good sofa available.","Tendentious"
"I hate this bed; it is an insulting product.","Hateful"
"Measure the doorway before ordering the lamp; the largest package is 110 cm wide.","Helpful"
"The product specification lists a weight of 25 kg for the bookcase.","Informative"
"The armchair has a stated maximum load of 100 kg.","Informative"
"Measure the doorway before ordering the bookcase; the largest package is 140 cm wide.","Helpful"
"After assembly, check the dresser on a level floor before loading it.","Helpful"
"The desk was a lovely surprise after the delivery arrived.","Emotional"
"The dining chair comes with a 5-year warranty.","Informative"
"I genuinely enjoy using the bed every day.","Emotional"
"The bookcase is exactly what I imagined for this room.","Emotional"
"I was excited to unpack the wardrobe when it arrived.","Emotional"
"This is unquestionably the best cabinet on the market.","Tendentious"
"This dining table is obviously number one, without debate.","Tendentious"
"Other lamps are not even worth comparing with this one.","Tendentious"
"Keep the instructions nearby while assembling the wardrobe.","Helpful"
"Every sensible buyer should choose this dining chair.","Tendentious"
"This sofa beats every alternative in every respect.","Tendentious"
"The bookcase works correctly, although the overall impression is indifferent.","LowQuality"
"Check that the cable management is suitable for how you plan to use the desk.","Helpful"
"If the wardrobe is going into a small room, plan the delivery route first.","Helpful"
"This bed is garbage and the company should be ashamed.","Hateful"
"Use a soft damp cloth to clean the sofa and avoid abrasive products.","Helpful"
"The armchair has a stated maximum load of 80 kg.","Informative"
"The listing specifies cable management as one of the main features.","Informative"
"The desk looks fine but feels bland in daily use.","LowQuality"
"I was excited to unpack the lamp when it arrived.","Emotional"
"Choosing another desk would be a ridiculous mistake.","Tendentious"
"Sort the hardware before assembling the lamp; several screws look similar.","Helpful"
"This bookcase is obviously number one, without debate.","Tendentious"
"The coffee table is adequate, but I expected more for the price.","LowQuality"
"Measure the doorway before ordering the coffee table; the largest package is 95 cm wide.","Helpful"
"The product specification lists a weight of 12 kg for the armchair.","Informative"
"The people who designed this bed are idiots.","Hateful"
"The armchair works correctly, although the overall impression is indifferent.","LowQuality"
"This lamp is garbage and the company should be ashamed.","Hateful"
"This dresser beats every alternative in every respect.","Tendentious"
"After assembly, check the bookcase on a level floor before loading it.","Helpful"
"Every sensible buyer should choose this bookcase.","Tendentious"
"Keep the instructions nearby while assembling the sofa.","Helpful"
"Measure the doorway before ordering the dining chair; the largest package is 125 cm wide.","Helpful"
"I was delighted when I saw the dining chair in the room.","Emotional"
"The bed looks fine but feels bland in daily use.","LowQuality"
"This dresser is garbage and the company should be ashamed.","Hateful"
"I hate this desk; it is an insulting product.","Hateful"
"This dining chair is complete crap and should never have been sold.","Hateful"
"Other dining tables are not even worth comparing with this one.","Tendentious"
"The armchair measures 80 cm wide and 80 cm deep.","Informative"
"Other dressers are not even worth comparing with this one.","Tendentious"
"Buying the wardrobe made the finished room feel complete.","Emotional"
"This is the only genuinely good armchair available.","Tendentious"
"The armchair was a lovely surprise after the delivery arrived.","Emotional"
"The lamp comes with a 2-year warranty.","Informative"
"Buying this armchair felt like giving money to people who do not deserve it.","Hateful"
"The wardrobe comes with a 5-year warranty.","Informative"
"I do not regret buying the dining chair, but it is not exceptional.","LowQuality"
"The main material listed for the coffee table is steel.","Informative"
"Sort the hardware before assembling the coffee table; several screws look similar.","Helpful"
"There is no reason to consider another dining chair.","Tendentious"
"The sofa comes with a 5-year warranty.","Informative"
"After buying the coffee table, I could not name anything memorable about it.","LowQuality"
"The main material listed for the sofa is steel.","Informative"
"The dining chair immediately became my favourite piece of furniture.","Emotional"
"I was delighted when I saw the dining table in the room.","Emotional"
"The bookcase immediately became my favourite piece of furniture.","Emotional"
"I genuinely enjoy using the armchair every day.","Emotional"
"The product description gives the assembled height as 45 cm.","Informative"
"Every sensible buyer should choose this coffee table.","Tendentious"
"If the armchair is going into a small room, plan the delivery route first.","Helpful"
"This is the only genuinely good dining table available.","Tendentious"
"This bookcase beats every alternative in every respect.","Tendentious"
"This worthless armchair was made by incompetent people.","Hateful"
"Buying this lamp felt like giving money to people who do not deserve it.","Hateful"
"The bed is acceptable but has no clear strength.","LowQuality"
"This is unquestionably the best dining chair on the market.","Tendentious"
"The company selling this armchair treats customers like fools.","Hateful"
"Keep the instructions nearby while assembling the coffee table.","Helpful"
"I smile every time I use the sofa.","Emotional"
"The armchair measures 95 cm wide and 50 cm deep.","Informative"
"Check the dimensions of the lamp against the available space before ordering.","Helpful"
"This is an ordinary dining table that performs its basic function.","LowQuality"
"Measure the doorway before ordering the desk; the largest package is 125 cm wide.","Helpful"
"I was delighted when I saw the lamp in the room.","Emotional"
"Every sensible buyer should choose this armchair.","Tendentious"
"Anyone who understands furniture will choose this coffee table.","Tendentious"
"I was delighted when I saw the wardrobe in the room.","Emotional"
"The people who designed this sofa are idiots.","Hateful"
"A second person makes assembling the cabinet much easier.","Helpful"
"The desk is average and does not stand out.","LowQuality"
"This is unquestionably the best wardrobe on the market.","Tendentious"
"The desk is exactly what I imagined for this room.","Emotional"
"A second person makes assembling the dining chair much easier.","Helpful"
"After assembly, check the armchair on a level floor before loading it.","Helpful"
"Sort the hardware before assembling the sofa; several screws look similar.","Helpful"
"The coffee table was a lovely surprise after the delivery arrived.","Emotional"
"This dresser is complete crap and should never have been sold.","Hateful"
"I bought the bookcase, but there is little else to say about it.","LowQuality"
"This worthless desk was made by incompetent people.","Hateful"
"Check that the adjustable shelves are suitable for how you plan to use the dining chair.","Helpful"
"This is the only genuinely good bookcase available.","Tendentious"
"The desk arrived in 3 packages with assembly instructions included.","Informative"
"Sort the hardware before assembling the bookcase; several screws look similar.","Helpful"
"Other bookcases are not even worth comparing with this one.","Tendentious"
"I was excited to unpack the armchair when it arrived.","Emotional"
"The dresser has a stated maximum load of 120 kg.","Informative"
"This is the only genuinely good coffee table available.","Tendentious"
"I genuinely enjoy using the sofa every day.","Emotional"
"The bookcase is acceptable but has no clear strength.","LowQuality"
"The company selling this cabinet treats customers like fools.","Hateful"
"The dresser made the room feel much more welcoming.","Emotional"
